26ce0b7d-b0a9-4349-afd6-7d83152674f8, 军武, 7e3d9395f78906b6a122de06af85b52c101894ecd387593450472e6b, NULL, junwu@ihydt.com,,, 13119000001,,,1,1,0,0,0,,1, 2016-01-04 08:00:00,1, 2015-07-03 15:17:05,0, NULL, AUTO
88a82d00-f8e7-41e6-bb1d-0899a8e781b3, 佳帅, 7e3d9395f78906b6a122de06af85b52c101894ecd387593450472e6b, NULL, jiashuai@ihydt.com,,, 13119000002,,,1,1,0,0,0,,1, 2016-01-04 16:33:28,1, 2016-01-04 17:24:35,0, NULL, AUTO
26ce0b7d-b0a9-4349-afd6-7d83152674f8, 朱建民, 7e3d9395f78906b6a122de06af85b52c101894ecd387593450472e6b, NULL, zhujianmin@ihydt.com,,, 13119000003,,,1,1,0,0,0,,1, 2016-01-04 08:00:00,1, 2015-07-03 15:17:05,0, NULL, AUTO
88a82d00-f8e7-41e6-bb1d-0899a8e781b3, 朱军红, 7e3d9395f78906b6a122de06af85b52c101894ecd387593450472e6b, NULL, zhujunhong@ihydt.com,,, 13119000004,,,1,1,0,0,0,,1, 2016-01-04 16:33:28,1, 2016-01-04 17:24:35,0, NULL, AUTO
26ce0b7d-b0a9-4349-afd6-7d83152674f8, 朱启本, 7e3d9395f78906b6a122de06af85b52c101894ecd387593450472e6b, NULL, zhuqiben@ihydt.com,,, 13119000005,,,1,1,0,0,0,,1, 2016-01-04 08:00:00,1, 2015-07-03 15:17:05,0, NULL, AUTO
26ce0b7d-b0a9-4349-afd6-7d83152674f8, 福谦, 7e3d9395f78906b6a122de06af85b52c101894ecd387593450472e6b, NULL, fuqian@ihydt.com,,, 13119000006,,,1,1,0,0,0,,1, 2016-01-04 16:33:28,1, 2016-01-04 17:24:35,0, NULL, AUTO
26ce0b7d-b0a9-4349-afd6-7d83152674f8, 张振军, 7e3d9395f78906b6a122de06af85b52c101894ecd387593450472e6b, NULL, zhangzhenjun@ihydt.com,,, 13119000007,,,1,1,0,0,0,,1, 2016-01-04 08:00:00,1, 2015-07-03 15:17:05,0, NULL, AUTO
26ce0b7d-b0a9-4349-afd6-7d83152674f8, 兰青, 7e3d9395f78906b6a122de06af85b52c101894ecd387593450472e6b, NULL, lanqin@ihydt.com,,, 13119000008,,,1,1,0,0,0,,1, 2016-01-04 16:33:28,1, 2016-01-04 17:24:35,0, NULL, AUTO
26ce0b7d-b0a9-4349-afd6-7d83152674f8, 王静, 7e3d9395f78906b6a122de06af85b52c101894ecd387593450472e6b, NULL, wangjing@ihydt.com,,, 13119000009,,,1,1,0,0,0,,1, 2016-01-04 08:00:00,1, 2015-07-03 15:17:05,0, NULL, AUTO
26ce0b7d-b0a9-4349-afd6-7d83152674f8, 李凤红, 7e3d9395f78906b6a122de06af85b52c101894ecd387593450472e6b, NULL, lifenghong@ihydt.com,,, 13119000010,,,1,1,0,0,0,,1, 2016-01-04 16:33:28,1, 2016-01-04 17:24:35,0, NULL, AUTO
26ce0b7d-b0a9-4349-afd6-7d83152674f8, 王建红, 7e3d9395f78906b6a122de06af85b52c101894ecd387593450472e6b, NULL, wangjianhong@ihydt.com,,, 13119000011,,,1,1,0,0,0,,1, 2016-01-04 08:00:00,1, 2015-07-03 15:17:05,0, NULL, AUTO
26ce0b7d-b0a9-4349-afd6-7d83152674f8, 李小强, 7e3d9395f78906b6a122de06af85b52c101894ecd387593450472e6b, NULL, lixiaoqiang@ihydt.com,,, 13119000012,,,1,1,0,0,0,,1, 2016-01-04 16:33:28,1, 2016-01-04 17:24:35,0, NULL, AUTO
26ce0b7d-b0a9-4349-afd6-7d83152674f8, 邓淑斌, 7e3d9395f78906b6a122de06af85b52c101894ecd387593450472e6b, NULL, dengshubin@ihydt.com,,, 13119000013,,,1,1,0,0,0,,1, 2016-01-04 08:00:00,1, 2015-07-03 15:17:05,0, NULL, AUTO
26ce0b7d-b0a9-4349-afd6-7d83152674f8, 郭良勇, 7e3d9395f78906b6a122de06af85b52c101894ecd387593450472e6b, NULL, guoliangyong@ihydt.com,,, 13119000014,,,1,1,0,0,0,,1, 2016-01-04 16:33:28,1, 2016-01-04 17:24:35,0, NULL, AUTO
26ce0b7d-b0a9-4349-afd6-7d83152674f8, 王晓刚, 7e3d9395f78906b6a122de06af85b52c101894ecd387593450472e6b, NULL, wangxiaogang@ihydt.com,,, 13119000015,,,1,1,0,0,0,,1, 2016-01-04 08:00:00,1, 2015-07-03 15:17:05,0, NULL, AUTO
26ce0b7d-b0a9-4349-afd6-7d83152674f8, 李屹, 7e3d9395f78906b6a122de06af85b52c101894ecd387593450472e6b, NULL, liyi@ihydt.com,,, 13119000016,,,1,1,0,0,0,,1, 2016-01-04 16:33:28,1, 2016-01-04 17:24:35,0, NULL, AUTO
26ce0b7d-b0a9-4349-afd6-7d83152674f8, 陈道军, 7e3d9395f78906b6a122de06af85b52c101894ecd387593450472e6b, NULL, chendaojun@ihydt.com,,, 13119000017,,,1,1,0,0,0,,1, 2016-01-04 08:00:00,1, 2015-07-03 15:17:05,0, NULL, AUTO
26ce0b7d-b0a9-4349-afd6-7d83152674f8, 陈永利, 7e3d9395f78906b6a122de06af85b52c101894ecd387593450472e6b, NULL, chenyongli@ihydt.com,,, 13119000018,,,1,1,0,0,0,,1, 2016-01-04 16:33:28,1, 2016-01-04 17:24:35,0, NULL, AUTO
26ce0b7d-b0a9-4349-afd6-7d83152674f8, 李祥豫, 7e3d9395f78906b6a122de06af85b52c101894ecd387593450472e6b, NULL, lixiangyu@ihydt.com,,, 13119000019,,,1,1,0,0,0,,1, 2016-01-04 08:00:00,1, 2015-07-03 15:17:05,0, NULL, AUTO
26ce0b7d-b0a9-4349-afd6-7d83152674f8, 杨林杰, 7e3d9395f78906b6a122de06af85b52c101894ecd387593450472e6b, NULL, yanglinjie@ihydt.com,,, 13119000020,,,1,1,0,0,0,,1, 2016-01-04 16:33:28,1, 2016-01-04 17:24:35,0, NULL, AUTO
26ce0b7d-b0a9-4349-afd6-7d83152674f8, 翟玲娟, 7e3d9395f78906b6a122de06af85b52c101894ecd387593450472e6b, NULL, zhailingjuan@ihydt.com,,, 13119000021,,,1,1,0,0,0,,1, 2016-01-04 08:00:00,1, 2015-07-03 15:17:05,0, NULL, AUTO
26ce0b7d-b0a9-4349-afd6-7d83152674f8, 李维直, 7e3d9395f78906b6a122de06af85b52c101894ecd387593450472e6b, NULL, liweizhi@ihydt.com,,, 13119000022,,,1,1,0,0,0,,1, 2016-01-04 16:33:28,1, 2016-01-04 17:24:35,0, NULL, AUTO
26ce0b7d-b0a9-4349-afd6-7d83152674f8, 王书宣, 7e3d9395f78906b6a122de06af85b52c101894ecd387593450472e6b, NULL, wangshuxuan@ihydt.com,,, 13119000023,,,1,1,0,0,0,,1, 2016-01-04 08:00:00,1, 2015-07-03 15:17:05,0, NULL, AUTO
26ce0b7d-b0a9-4349-afd6-7d83152674f8, 高九三, 7e3d9395f78906b6a122de06af85b52c101894ecd387593450472e6b, NULL, gaojiusan@ihydt.com,,, 13119000024,,,1,1,0,0,0,,1, 2016-01-04 16:33:28,1, 2016-01-04 17:24:35,0, NULL, AUTO
26ce0b7d-b0a9-4349-afd6-7d83152674f8, 刘春旭, 7e3d9395f78906b6a122de06af85b52c101894ecd387593450472e6b, NULL, liuchunxu@ihydt.com,,, 13119000025,,,1,1,0,0,0,,1, 2016-01-04 08:00:00,1, 2015-07-03 15:17:05,0, NULL, AUTO
26ce0b7d-b0a9-4349-afd6-7d83152674f8, 李力, 7e3d9395f78906b6a122de06af85b52c101894ecd387593450472e6b, NULL, lili@ihydt.com,,, 13119000026,,,1,1,0,0,0,,1, 2016-01-04 16:33:28,1, 2016-01-04 17:24:35,0, NULL, AUTO
26ce0b7d-b0a9-4349-afd6-7d83152674f8, 陈彦松, 7e3d9395f78906b6a122de06af85b52c101894ecd387593450472e6b, NULL, chenyansong@ihydt.com,,, 13119000027,,,1,1,0,0,0,,1, 2016-01-04 08:00:00,1, 2015-07-03 15:17:05,0, NULL, AUTO
26ce0b7d-b0a9-4349-afd6-7d83152674f8, 海燕, 7e3d9395f78906b6a122de06af85b52c101894ecd387593450472e6b, NULL, haiyan@ihydt.com,,, 13119000028,,,1,1,0,0,0,,1, 2016-01-04 16:33:28,1, 2016-01-04 17:24:35,0, NULL, AUTO
26ce0b7d-b0a9-4349-afd6-7d83152674f8, 王雪艳, 7e3d9395f78906b6a122de06af85b52c101894ecd387593450472e6b, NULL, wangxueyan@ihydt.com,,, 13119000029,,,1,1,0,0,0,,1, 2016-01-04 16:33:28,1, 2016-01-04 17:24:35,0, NULL, AUTO
26ce0b7d-b0a9-4349-afd6-7d83152674f8, 寇春亮, 7e3d9395f78906b6a122de06af85b52c101894ecd387593450472e6b, NULL,kouchunliang@ihydt.com,,, 13119000030,,,1,1,0,0,0,,1, 2016-01-04 16:33:28,1, 2016-01-04 17:24:35,0, NULL, AUTO
26ce0b7d-b0a9-4349-afd6-7d83152674f8, 耿博, 7e3d9395f78906b6a122de06af85b52c101894ecd387593450472e6b, NULL,gengbo@ihydt.com,,, 13119000031,,,1,1,0,0,0,,1, 2016-01-04 16:33:28,1, 2016-01-04 17:24:35,0, NULL, AUTO
26ce0b7d-b0a9-4349-afd6-7d83152674f8, 蒋霄甲, 7e3d9395f78906b6a122de06af85b52c101894ecd387593450472e6b, NULL,jiangxiaojia@ihydt.com,,, 13119000032,,,1,1,0,0,0,,1, 2016-01-04 16:33:28,1, 2016-01-04 17:24:35,0, NULL, AUTO
26ce0b7d-b0a9-4349-afd6-7d83152674f8, 范拥军, 7e3d9395f78906b6a122de06af85b52c101894ecd387593450472e6b, NULL,fanyongjun@ihydt.com,,, 13119000033,,,1,1,0,0,0,,1, 2016-01-04 16:33:28,1, 2016-01-04 17:24:35,0, NULL, AUTO
26ce0b7d-b0a9-4349-afd6-7d83152674f8, 陈顺勇, 7e3d9395f78906b6a122de06af85b52c101894ecd387593450472e6b, NULL,chenshunyong@ihydt.com,,, 13119000034,,,1,1,0,0,0,,1, 2016-01-04 16:33:28,1, 2016-01-04 17:24:35,0, NULL, AUTO
26ce0b7d-b0a9-4349-afd6-7d83152674f8, 周烨, 7e3d9395f78906b6a122de06af85b52c101894ecd387593450472e6b, NULL,zhouye@ihydt.com,,, 13119000035,,,1,1,0,0,0,,1, 2016-01-04 16:33:28,1, 2016-01-04 17:24:35,0, NULL, AUTO
26ce0b7d-b0a9-4349-afd6-7d83152674f8, 袁辉, 7e3d9395f78906b6a122de06af85b52c101894ecd387593450472e6b, NULL,yuanhui@ihydt.com,,, 13119000036,,,1,1,0,0,0,,1, 2016-01-04 16:33:28,1, 2016-01-04 17:24:35,0, NULL, AUTO
26ce0b7d-b0a9-4349-afd6-7d83152674f8, 任雨辰, 7e3d9395f78906b6a122de06af85b52c101894ecd387593450472e6b, NULL,renyuchen@ihydt.com,,, 13119000037,,,1,1,0,0,0,,1, 2016-01-04 16:33:28,1, 2016-01-04 17:24:35,0, NULL, AUTO
26ce0b7d-b0a9-4349-afd6-7d83152674f8, 邓楠, 7e3d9395f78906b6a122de06af85b52c101894ecd387593450472e6b, NULL,dengnan@ihydt.com,,, 13119000038,,,1,1,0,0,0,,1, 2016-01-04 16:33:28,1, 2016-01-04 17:24:35,0, NULL, AUTO
26ce0b7d-b0a9-4349-afd6-7d83152674f8, 张会丽, 7e3d9395f78906b6a122de06af85b52c101894ecd387593450472e6b, NULL,zhanghuili@ihydt.com,,, 13119000039,,,1,1,0,0,0,,1, 2016-01-04 16:33:28,1, 2016-01-04 17:24:35,0, NULL, AUTO
26ce0b7d-b0a9-4349-afd6-7d83152674f8, 崔军岩, 7e3d9395f78906b6a122de06af85b52c101894ecd387593450472e6b, NULL,cuijunyan@ihydt.com,,, 13119000040,,,1,1,0,0,0,,1, 2016-01-04 16:33:28,1, 2016-01-04 17:24:35,0, NULL, AUTO
26ce0b7d-b0a9-4349-afd6-7d83152674f8, 王强, 7e3d9395f78906b6a122de06af85b52c101894ecd387593450472e6b, NULL,wangqiang@ihydt.com,,, 13119000041,,,1,1,0,0,0,,1, 2016-01-04 16:33:28,1, 2016-01-04 17:24:35,0, NULL, AUTO
26ce0b7d-b0a9-4349-afd6-7d83152674f8, 梁蒙, 7e3d9395f78906b6a122de06af85b52c101894ecd387593450472e6b, NULL,liangmeng@ihydt.com,,, 13119000042,,,1,1,0,0,0,,1, 2016-01-04 16:33:28,1, 2016-01-04 17:24:35,0, NULL, AUTO
26ce0b7d-b0a9-4349-afd6-7d83152674f8, 任宇森, 7e3d9395f78906b6a122de06af85b52c101894ecd387593450472e6b, NULL,renyusen@ihydt.com,,, 13119000043,,,1,1,0,0,0,,1, 2016-01-04 16:33:28,1, 2016-01-04 17:24:35,0, NULL, AUTO
26ce0b7d-b0a9-4349-afd6-7d83152674f8, 周超, 7e3d9395f78906b6a122de06af85b52c101894ecd387593450472e6b, NULL,zhouchao@ihydt.com,,, 13119000044,,,1,1,0,0,0,,1, 2016-01-04 16:33:28,1, 2016-01-04 17:24:35,0, NULL, AUTO
26ce0b7d-b0a9-4349-afd6-7d83152674f8, 宋兴华, 7e3d9395f78906b6a122de06af85b52c101894ecd387593450472e6b, NULL,songxinhua@ihydt.com,,, 13119000045,,,1,1,0,0,0,,1, 2016-01-04 16:33:28,1, 2016-01-04 17:24:35,0, NULL, AUTO
26ce0b7d-b0a9-4349-afd6-7d83152674f8, 郝腾飞, 7e3d9395f78906b6a122de06af85b52c101894ecd387593450472e6b, NULL,haotengfei@ihydt.com,,, 13119000046,,,1,1,0,0,0,,1, 2016-01-04 16:33:28,1, 2016-01-04 17:24:35,0, NULL, AUTO
26ce0b7d-b0a9-4349-afd6-7d83152674f8, 张军伟, 7e3d9395f78906b6a122de06af85b52c101894ecd387593450472e6b, NULL,zhangjunwei@ihydt.com,,, 13119000047,,,1,1,0,0,0,,1, 2016-01-04 16:33:28,1, 2016-01-04 17:24:35,0, NULL, AUTO
26ce0b7d-b0a9-4349-afd6-7d83152674f8, 张相霖, 7e3d9395f78906b6a122de06af85b52c101894ecd387593450472e6b, NULL,zhangxianglin@ihydt.com,,, 13119000048,,,1,1,0,0,0,,1, 2016-01-04 16:33:28,1, 2016-01-04 17:24:35,0, NULL, AUTO
26ce0b7d-b0a9-4349-afd6-7d83152674f8, 张培靓, 7e3d9395f78906b6a122de06af85b52c101894ecd387593450472e6b, NULL,zhangpeiliang@ihydt.com,,, 13119000049,,,1,1,0,0,0,,1, 2016-01-04 16:33:28,1, 2016-01-04 17:24:35,0, NULL, AUTO
26ce0b7d-b0a9-4349-afd6-7d83152674f8, 陈静静, 7e3d9395f78906b6a122de06af85b52c101894ecd387593450472e6b, NULL,chenjingjing@ihydt.com,,, 13119000050,,,1,1,0,0,0,,1, 2016-01-04 16:33:28,1, 2016-01-04 17:24:35,0, NULL, AUTO
26ce0b7d-b0a9-4349-afd6-7d83152674f8, 刘宁, 7e3d9395f78906b6a122de06af85b52c101894ecd387593450472e6b, NULL,liuning@ihydt.com,,, 13119000051,,,1,1,0,0,0,,1, 2016-01-04 16:33:28,1, 2016-01-04 17:24:35,0, NULL, AUTO
26ce0b7d-b0a9-4349-afd6-7d83152674f8, 崔利军, 7e3d9395f78906b6a122de06af85b52c101894ecd387593450472e6b, NULL,cuilijun@ihydt.com,,, 13119000052,,,1,1,0,0,0,,1, 2016-01-04 16:33:28,1, 2016-01-04 17:24:35,0, NULL, AUTO
26ce0b7d-b0a9-4349-afd6-7d83152674f8, 田旭辉, 7e3d9395f78906b6a122de06af85b52c101894ecd387593450472e6b, NULL,tianxuhui@ihydt.com,,, 13119000053,,,1,1,0,0,0,,1, 2016-01-04 16:33:28,1, 2016-01-04 17:24:35,0, NULL, AUTO
26ce0b7d-b0a9-4349-afd6-7d83152674f8, 鲁伟, 7e3d9395f78906b6a122de06af85b52c101894ecd387593450472e6b, NULL,luwei@ihydt.com,,, 13119000054,,,1,1,0,0,0,,1, 2016-01-04 16:33:28,1, 2016-01-04 17:24:35,0, NULL, AUTO
26ce0b7d-b0a9-4349-afd6-7d83152674f8, 巴冠华, 7e3d9395f78906b6a122de06af85b52c101894ecd387593450472e6b, NULL,baguanhua@ihydt.com,,, 13119000055,,,1,1,0,0,0,,1, 2016-01-04 16:33:28,1, 2016-01-04 17:24:35,0, NULL, AUTO
26ce0b7d-b0a9-4349-afd6-7d83152674f8, 凌志强, 7e3d9395f78906b6a122de06af85b52c101894ecd387593450472e6b, NULL,lingzhiqiang@ihydt.com,,, 13119000056,,,1,1,0,0,0,,1, 2016-01-04 16:33:28,1, 2016-01-04 17:24:35,0, NULL, AUTO
26ce0b7d-b0a9-4349-afd6-7d83152674f8, 吕桃玲, 7e3d9395f78906b6a122de06af85b52c101894ecd387593450472e6b, NULL,lvtaoling@ihydt.com,,, 13119000057,,,1,1,0,0,0,,1, 2016-01-04 16:33:28,1, 2016-01-04 17:24:35,0, NULL, AUTO
26ce0b7d-b0a9-4349-afd6-7d83152674f8, 李荣金, 7e3d9395f78906b6a122de06af85b52c101894ecd387593450472e6b, NULL,lirongjin@ihydt.com,,, 13119000058,,,1,1,0,0,0,,1, 2016-01-04 16:33:28,1, 2016-01-04 17:24:35,0, NULL, AUTO
26ce0b7d-b0a9-4349-afd6-7d83152674f8, 魏金鑫, 7e3d9395f78906b6a122de06af85b52c101894ecd387593450472e6b, NULL,weijinxin@ihydt.com,,, 13119000059,,,1,1,0,0,0,,1, 2016-01-04 16:33:28,1, 2016-01-04 17:24:35,0, NULL, AUTO
26ce0b7d-b0a9-4349-afd6-7d83152674f8, 韩喜华, 7e3d9395f78906b6a122de06af85b52c101894ecd387593450472e6b, NULL,hanxihua@ihydt.com,,, 13119000060,,,1,1,0,0,0,,1, 2016-01-04 16:33:28,1, 2016-01-04 17:24:35,0, NULL, AUTO
26ce0b7d-b0a9-4349-afd6-7d83152674f8, 董鹏, 7e3d9395f78906b6a122de06af85b52c101894ecd387593450472e6b, NULL,dongpeng@ihydt.com,,, 13119000061,,,1,1,0,0,0,,1, 2016-01-04 16:33:28,1, 2016-01-04 17:24:35,0, NULL, AUTO
26ce0b7d-b0a9-4349-afd6-7d83152674f8, YY_Andy, 7e3d9395f78906b6a122de06af85b52c101894ecd387593450472e6b, NULL, Andy@ihydt.com,,, 15100100001,,,1,1,0,0,0,,1, 2015-05-26 08:00:00,1, 2015-07-03 15:17:05,0, NULL, AUTO
88a82d00-f8e7-41e6-bb1d-0899a8e781b3, YY_黄海新, 7e3d9395f78906b6a122de06af85b52c101894ecd387593450472e6b, NULL, huanghaixin@ihydt.com,,, 15100100002,,,1,1,0,0,0,,1, 2015-06-29 16:33:28,1, 2015-06-29 17:24:35,0, NULL, AUTO
26ce0b7d-b0a9-4349-afd6-7d83152674f8, YY_宋加喜, 7e3d9395f78906b6a122de06af85b52c101894ecd387593450472e6b, NULL, songjiaxi@ihydt.com,,, 15100010003,,,1,1,0,0,0,,1, 2015-05-26 08:00:00,1, 2015-07-03 15:17:05,0, NULL, AUTO
88a82d00-f8e7-41e6-bb1d-0899a8e781b3, YY_易云宇, 7e3d9395f78906b6a122de06af85b52c101894ecd387593450472e6b, NULL, yiyunyu@ihydt.com,,, 15100010004,,,1,1,0,0,0,,1, 2015-06-29 16:33:28,1, 2015-06-29 17:24:35,0, NULL, AUTO
26ce0b7d-b0a9-4349-afd6-7d83152674f8, YY_刘彬彬, 7e3d9395f78906b6a122de06af85b52c101894ecd387593450472e6b, NULL, liubinbin@ihydt.com,,, 15100100005,,,1,1,0,0,0,,1, 2015-05-26 08:00:00,1, 2015-07-03 15:17:05,0, NULL, AUTO
26ce0b7d-b0a9-4349-afd6-7d83152674f8, YY_宋文春, 7e3d9395f78906b6a122de06af85b52c101894ecd387593450472e6b, NULL, songwenchun@ihydt.com,,, 15190010006,,,1,1,0,0,0,,1, 2015-06-29 16:33:28,1, 2015-06-29 17:24:35,0, NULL, AUTO
26ce0b7d-b0a9-4349-afd6-7d83152674f8, YY_牛牛, 7e3d9395f78906b6a122de06af85b52c101894ecd387593450472e6b, NULL, niuniu@ihydt.com,,, 15100010007,,,1,1,0,0,0,,1, 2015-05-26 08:00:00,1, 2015-07-03 15:17:05,0, NULL, AUTO
26ce0b7d-b0a9-4349-afd6-7d83152674f8, YY_于菲菲, 7e3d9395f78906b6a122de06af85b52c101894ecd387593450472e6b, NULL, yufeifei@ihydt.com,,, 15100100008,,,1,1,0,0,0,,1, 2015-06-29 16:33:28,1, 2015-06-29 17:24:35,0, NULL, AUTO
26ce0b7d-b0a9-4349-afd6-7d83152674f8, YY_杨丽艳, 7e3d9395f78906b6a122de06af85b52c101894ecd387593450472e6b, NULL, yangliyan@ihydt.com,,, 15101000009,,,1,1,0,0,0,,1, 2015-05-26 08:00:00,1, 2015-07-03 15:17:05,0, NULL, AUTO
26ce0b7d-b0a9-4349-afd6-7d83152674f8, YY_王秋菊, 7e3d9395f78906b6a122de06af85b52c101894ecd387593450472e6b, NULL, wangqiuju@ihydt.com,,, 15100100000,,,1,1,0,0,0,,1, 2015-06-29 16:33:28,1, 2015-06-29 17:24:35,0, NULL, AUTO
26ce0b7d-b0a9-4349-afd6-7d83152674f8, YY_邢晶, 7e3d9395f78906b6a122de06af85b52c101894ecd387593450472e6b, NULL, xingjing@ihydt.com,,, 15110200001,,,1,1,0,0,0,,1, 2015-05-26 08:00:00,1, 2015-07-03 15:17:05,0, NULL, AUTO
26ce0b7d-b0a9-4349-afd6-7d83152674f8, YY_宿霞, 7e3d9395f78906b6a122de06af85b52c101894ecd387593450472e6b, NULL, suxia@ihydt.com,,, 15110200002,,,1,1,0,0,0,,1, 2015-06-29 16:33:28,1, 2015-06-29 17:24:35,0, NULL, AUTO
26ce0b7d-b0a9-4349-afd6-7d83152674f8, YY_槐曼曼, 7e3d9395f78906b6a122de06af85b52c101894ecd387593450472e6b, NULL, huaimanman@ihydt.com,,, 15110020003,,,1,1,0,0,0,,1, 2015-05-26 08:00:00,1, 2015-07-03 15:17:05,0, NULL, AUTO
26ce0b7d-b0a9-4349-afd6-7d83152674f8, YY_冯萌萌, 7e3d9395f78906b6a122de06af85b52c101894ecd387593450472e6b, NULL, fengmengmeng@ihydt.com,,, 15110200004,,,1,1,0,0,0,,1, 2015-06-29 16:33:28,1, 2015-06-29 17:24:35,0, NULL, AUTO
26ce0b7d-b0a9-4349-afd6-7d83152674f8, YY_陈绍腾, 7e3d9395f78906b6a122de06af85b52c101894ecd387593450472e6b, NULL, chenshaoteng@ihydt.com,,, 15110020005,,,1,1,0,0,0,,1, 2015-05-26 08:00:00,1, 2015-07-03 15:17:05,0, NULL, AUTO
26ce0b7d-b0a9-4349-afd6-7d83152674f8, YY_高超飞, 7e3d9395f78906b6a122de06af85b52c101894ecd387593450472e6b, NULL, gaochaofei@ihydt.com,,, 15110002006,,,1,1,0,0,0,,1, 2015-06-29 16:33:28,1, 2015-06-29 17:24:35,0, NULL, AUTO
26ce0b7d-b0a9-4349-afd6-7d83152674f8, YY_阴悦, 7e3d9395f78906b6a122de06af85b52c101894ecd387593450472e6b, NULL, music@ihydt.com,,, 15110200007,,,1,1,0,0,0,,1, 2015-05-26 08:00:00,1, 2015-07-03 15:17:05,0, NULL, AUTO
26ce0b7d-b0a9-4349-afd6-7d83152674f8, YY_张梅, 7e3d9395f78906b6a122de06af85b52c101894ecd387593450472e6b, NULL, zhangmei@ihydt.com,,, 15110002008,,,1,1,0,0,0,,1, 2015-06-29 16:33:28,1, 2015-06-29 17:24:35,0, NULL, AUTO
26ce0b7d-b0a9-4349-afd6-7d83152674f8, YY_段俊娇, 7e3d9395f78906b6a122de06af85b52c101894ecd387593450472e6b, NULL, duanjunjiao@ihydt.com,,, 15110002009,,,1,1,0,0,0,,1, 2015-05-26 08:00:00,1, 2015-07-03 15:17:05,0, NULL, AUTO
26ce0b7d-b0a9-4349-afd6-7d83152674f8, YY_田雪萍, 7e3d9395f78906b6a122de06af85b52c101894ecd387593450472e6b, NULL, tianxueping@ihydt.com,,, 15110020000,,,1,1,0,0,0,,1, 2015-06-29 16:33:28,1, 2015-06-29 17:24:35,0, NULL, AUTO
26ce0b7d-b0a9-4349-afd6-7d83152674f8, YY_张梦莹, 7e3d9395f78906b6a122de06af85b52c101894ecd387593450472e6b, NULL, zhangmengyiing@ihydt.com,,, 15120200001,,,1,1,0,0,0,,1, 2015-05-26 08:00:00,1, 2015-07-03 15:17:05,0, NULL, AUTO
26ce0b7d-b0a9-4349-afd6-7d83152674f8, YY_王军丽, 7e3d9395f78906b6a122de06af85b52c101894ecd387593450472e6b, NULL, wangjunli@ihydt.com,,, 15120020002,,,1,1,0,0,0,,1, 2015-06-29 16:33:28,1, 2015-06-29 17:24:35,0, NULL, AUTO
26ce0b7d-b0a9-4349-afd6-7d83152674f8, YY_张颖, 7e3d9395f78906b6a122de06af85b52c101894ecd387593450472e6b, NULL, zhangying@ihydt.com,,, 15120020003,,,1,1,0,0,0,,1, 2015-05-26 08:00:00,1, 2015-07-03 15:17:05,0, NULL, AUTO
26ce0b7d-b0a9-4349-afd6-7d83152674f8, YY_李湘君, 7e3d9395f78906b6a122de06af85b52c101894ecd387593450472e6b, NULL, lixiangjun@ihydt.com,,, 15120300004,,,1,1,0,0,0,,1, 2015-06-29 16:33:28,1, 2015-06-29 17:24:35,0, NULL, AUTO
26ce0b7d-b0a9-4349-afd6-7d83152674f8, YY_付冰, 7e3d9395f78906b6a122de06af85b52c101894ecd387593450472e6b, NULL, fubing@ihydt.com,,, 15120030005,,,1,1,0,0,0,,1, 2015-05-26 08:00:00,1, 2015-07-03 15:17:05,0, NULL, AUTO
26ce0b7d-b0a9-4349-afd6-7d83152674f8, YY_李宛菊, 7e3d9395f78906b6a122de06af85b52c101894ecd387593450472e6b, NULL, liwanju@ihydt.com,,, 15120030006,,,1,1,0,0,0,,1, 2015-06-29 16:33:28,1, 2015-06-29 17:24:35,0, NULL, AUTO
26ce0b7d-b0a9-4349-afd6-7d83152674f8, YY_刘洪颖, 7e3d9395f78906b6a122de06af85b52c101894ecd387593450472e6b, NULL, liuhongying@ihydt.com,,, 15120300007,,,1,1,0,0,0,,1, 2015-05-26 08:00:00,1, 2015-07-03 15:17:05,0, NULL, AUTO
26ce0b7d-b0a9-4349-afd6-7d83152674f8, YY_熊梦忆, 7e3d9395f78906b6a122de06af85b52c101894ecd387593450472e6b, NULL, xiongmengyi@ihydt.com,,, 15120300008,,,1,1,0,0,0,,1, 2015-06-29 16:33:28,1, 2015-06-29 17:24:35,0, NULL, AUTO
26ce0b7d-b0a9-4349-afd6-7d83152674f8, YY_孙宁, 7e3d9395f78906b6a122de06af85b52c101894ecd387593450472e6b, NULL, sunning@ihydt.com,,, 15120030009,,,1,1,0,0,0,,1, 2015-06-29 16:33:28,1, 2015-06-29 17:24:35,0, NULL, AUTO
26ce0b7d-b0a9-4349-afd6-7d83152674f8, YY_李斌, 7e3d9395f78906b6a122de06af85b52c101894ecd387593450472e6b, NULL,libin@ihydt.com,,, 15120030010,,,1,1,0,0,0,,1, 2015-06-29 16:33:28,1, 2015-06-29 17:24:35,0, NULL, AUTO
26ce0b7d-b0a9-4349-afd6-7d83152674f8, YY_张玲玲, 7e3d9395f78906b6a122de06af85b52c101894ecd387593450472e6b, NULL,zhanglingling@ihydt.com,,, 15120030011,,,1,1,0,0,0,,1, 2015-06-29 16:33:28,1, 2015-06-29 17:24:35,0, NULL, AUTO
26ce0b7d-b0a9-4349-afd6-7d83152674f8, AUTO_刘平, 7e3d9395f78906b6a122de06af85b52c101894ecd387593450472e6b, NULL, liuzong@ihydt.com,,, 13100000001,,,1,1,0,0,0,,1, 2015-05-26 08:00:00,1, 2015-07-03 15:17:05,0, NULL, AUTO
88a82d00-f8e7-41e6-bb1d-0899a8e781b3, AUTO_齐勇, 7e3d9395f78906b6a122de06af85b52c101894ecd387593450472e6b, NULL, qiyong@ihydt.com,,, 13100000002,,,1,1,0,0,0,,1, 2015-06-29 16:33:28,1, 2015-06-29 17:24:35,0, NULL, AUTO
26ce0b7d-b0a9-4349-afd6-7d83152674f8, AUTO_柯南, 7e3d9395f78906b6a122de06af85b52c101894ecd387593450472e6b, NULL, kenan@ihydt.com,,, 13100000003,,,1,1,0,0,0,,1, 2015-05-26 08:00:00,1, 2015-07-03 15:17:05,0, NULL, AUTO
88a82d00-f8e7-41e6-bb1d-0899a8e781b3, AUTO_王璇, 7e3d9395f78906b6a122de06af85b52c101894ecd387593450472e6b, NULL, wangxuan@ihydt.com,,, 13100000004,,,1,1,0,0,0,,1, 2015-06-29 16:33:28,1, 2015-06-29 17:24:35,0, NULL, AUTO
26ce0b7d-b0a9-4349-afd6-7d83152674f8, AUTO_刘百川, 7e3d9395f78906b6a122de06af85b52c101894ecd387593450472e6b, NULL, liubaichuan@ihydt.com,,, 13100000005,,,1,1,0,0,0,,1, 2015-05-26 08:00:00,1, 2015-07-03 15:17:05,0, NULL, AUTO
26ce0b7d-b0a9-4349-afd6-7d83152674f8, AUTO_李欣, 7e3d9395f78906b6a122de06af85b52c101894ecd387593450472e6b, NULL, lixin@ihydt.com,,, 13100000006,,,1,1,0,0,0,,1, 2015-06-29 16:33:28,1, 2015-06-29 17:24:35,0, NULL, AUTO
26ce0b7d-b0a9-4349-afd6-7d83152674f8, AUTO_杨昌国, 7e3d9395f78906b6a122de06af85b52c101894ecd387593450472e6b, NULL, yangchangguo@ihydt.com,,, 13100000007,,,1,1,0,0,0,,1, 2015-05-26 08:00:00,1, 2015-07-03 15:17:05,0, NULL, AUTO
26ce0b7d-b0a9-4349-afd6-7d83152674f8, AUTO_江峰, 7e3d9395f78906b6a122de06af85b52c101894ecd387593450472e6b, NULL, jiangfeng@ihydt.com,,, 13100000008,,,1,1,0,0,0,,1, 2015-06-29 16:33:28,1, 2015-06-29 17:24:35,0, NULL, AUTO
26ce0b7d-b0a9-4349-afd6-7d83152674f8, AUTO_陈则新, 7e3d9395f78906b6a122de06af85b52c101894ecd387593450472e6b, NULL, chenzexin@ihydt.com,,, 13100000009,,,1,1,0,0,0,,1, 2015-05-26 08:00:00,1, 2015-07-03 15:17:05,0, NULL, AUTO
26ce0b7d-b0a9-4349-afd6-7d83152674f8, AUTO_刘传博, 7e3d9395f78906b6a122de06af85b52c101894ecd387593450472e6b, NULL, liuchuanbo@ihydt.com,,, 13100000000,,,1,1,0,0,0,,1, 2015-06-29 16:33:28,1, 2015-06-29 17:24:35,0, NULL, AUTO
26ce0b7d-b0a9-4349-afd6-7d83152674f8, AUTO_方舟, 7e3d9395f78906b6a122de06af85b52c101894ecd387593450472e6b, NULL, fangzhou@ihydt.com,,, 13110000001,,,1,1,0,0,0,,1, 2015-05-26 08:00:00,1, 2015-07-03 15:17:05,0, NULL, AUTO
26ce0b7d-b0a9-4349-afd6-7d83152674f8, AUTO_杜晓钰, 7e3d9395f78906b6a122de06af85b52c101894ecd387593450472e6b, NULL, duxiaoyu@ihydt.com,,, 13110000002,,,1,1,0,0,0,,1, 2015-06-29 16:33:28,1, 2015-06-29 17:24:35,0, NULL, AUTO
26ce0b7d-b0a9-4349-afd6-7d83152674f8, AUTO_郝志杰, 7e3d9395f78906b6a122de06af85b52c101894ecd387593450472e6b, NULL, haozhijie@ihydt.com,,, 13110000003,,,1,1,0,0,0,,1, 2015-05-26 08:00:00,1, 2015-07-03 15:17:05,0, NULL, AUTO
26ce0b7d-b0a9-4349-afd6-7d83152674f8, AUTO_兰丽, 7e3d9395f78906b6a122de06af85b52c101894ecd387593450472e6b, NULL, lanli@ihydt.com,,, 13110000004,,,1,1,0,0,0,,1, 2015-06-29 16:33:28,1, 2015-06-29 17:24:35,0, NULL, AUTO
26ce0b7d-b0a9-4349-afd6-7d83152674f8, AUTO_兰剑, 7e3d9395f78906b6a122de06af85b52c101894ecd387593450472e6b, NULL, lanjian@ihydt.com,,, 13110000005,,,1,1,0,0,0,,1, 2015-05-26 08:00:00,1, 2015-07-03 15:17:05,0, NULL, AUTO
26ce0b7d-b0a9-4349-afd6-7d83152674f8, AUTO_吴楠, 7e3d9395f78906b6a122de06af85b52c101894ecd387593450472e6b, NULL, wunan@ihydt.com,,, 13110000006,,,1,1,0,0,0,,1, 2015-06-29 16:33:28,1, 2015-06-29 17:24:35,0, NULL, AUTO
26ce0b7d-b0a9-4349-afd6-7d83152674f8, AUTO_杨雪宁, 7e3d9395f78906b6a122de06af85b52c101894ecd387593450472e6b, NULL, yangxuening@ihydt.com,,, 13110000007,,,1,1,0,0,0,,1, 2015-05-26 08:00:00,1, 2015-07-03 15:17:05,0, NULL, AUTO
26ce0b7d-b0a9-4349-afd6-7d83152674f8, AUTO_张珊珊, 7e3d9395f78906b6a122de06af85b52c101894ecd387593450472e6b, NULL, zhangshanshan@ihydt.com,,, 13110000008,,,1,1,0,0,0,,1, 2015-06-29 16:33:28,1, 2015-06-29 17:24:35,0, NULL, AUTO
26ce0b7d-b0a9-4349-afd6-7d83152674f8, AUTO_苏文涛, 7e3d9395f78906b6a122de06af85b52c101894ecd387593450472e6b, NULL, suwentao@ihydt.com,,, 13110000009,,,1,1,0,0,0,,1, 2015-05-26 08:00:00,1, 2015-07-03 15:17:05,0, NULL, AUTO
26ce0b7d-b0a9-4349-afd6-7d83152674f8, AUTO_任丽霞, 7e3d9395f78906b6a122de06af85b52c101894ecd387593450472e6b, NULL, renlixia@ihydt.com,,, 13110000000,,,1,1,0,0,0,,1, 2015-06-29 16:33:28,1, 2015-06-29 17:24:35,0, NULL, AUTO
26ce0b7d-b0a9-4349-afd6-7d83152674f8, AUTO_黄谦, 7e3d9395f78906b6a122de06af85b52c101894ecd387593450472e6b, NULL, huangqian@ihydt.com,,, 13120000001,,,1,1,0,0,0,,1, 2015-05-26 08:00:00,1, 2015-07-03 15:17:05,0, NULL, AUTO
26ce0b7d-b0a9-4349-afd6-7d83152674f8, AUTO_张亚楠, 7e3d9395f78906b6a122de06af85b52c101894ecd387593450472e6b, NULL, zhangyanan@ihydt.com,,, 13120000002,,,1,1,0,0,0,,1, 2015-06-29 16:33:28,1, 2015-06-29 17:24:35,0, NULL, AUTO
26ce0b7d-b0a9-4349-afd6-7d83152674f8, AUTO_宋晓会, 7e3d9395f78906b6a122de06af85b52c101894ecd387593450472e6b, NULL, songxiaohui@ihydt.com,,, 13120000003,,,1,1,0,0,0,,1, 2015-05-26 08:00:00,1, 2015-07-03 15:17:05,0, NULL, AUTO
26ce0b7d-b0a9-4349-afd6-7d83152674f8, AUTO_阎岩, 7e3d9395f78906b6a122de06af85b52c101894ecd387593450472e6b, NULL, yanyan@ihydt.com,,, 13120000004,,,1,1,0,0,0,,1, 2015-06-29 16:33:28,1, 2015-06-29 17:24:35,0, NULL, AUTO
26ce0b7d-b0a9-4349-afd6-7d83152674f8, AUTO_陈立伟, 7e3d9395f78906b6a122de06af85b52c101894ecd387593450472e6b, NULL, chenliwei@ihydt.com,,, 13120000005,,,1,1,0,0,0,,1, 2015-05-26 08:00:00,1, 2015-07-03 15:17:05,0, NULL, AUTO
26ce0b7d-b0a9-4349-afd6-7d83152674f8, AUTO_王莹, 7e3d9395f78906b6a122de06af85b52c101894ecd387593450472e6b, NULL, wangyin@ihydt.com,,, 13120000006,,,1,1,0,0,0,,1, 2015-06-29 16:33:28,1, 2015-06-29 17:24:35,0, NULL, AUTO
26ce0b7d-b0a9-4349-afd6-7d83152674f8, AUTO_王梦瑶, 7e3d9395f78906b6a122de06af85b52c101894ecd387593450472e6b, NULL, wangmengyao@ihydt.com,,, 13120000007,,,1,1,0,0,0,,1, 2015-05-26 08:00:00,1, 2015-07-03 15:17:05,0, NULL, AUTO
26ce0b7d-b0a9-4349-afd6-7d83152674f8, AUTO_林娜, 7e3d9395f78906b6a122de06af85b52c101894ecd387593450472e6b, NULL, linna@ihydt.com,,, 13120000008,,,1,1,0,0,0,,1, 2015-06-29 16:33:28,1, 2015-06-29 17:24:35,0, NULL, AUTO
26ce0b7d-b0a9-4349-afd6-7d83152674f8, AUTO_丽娟, 7e3d9395f78906b6a122de06af85b52c101894ecd387593450472e6b, NULL, lijuan@ihydt.com,,, 13120000009,,,1,1,0,0,0,,1, 2015-06-29 16:33:28,1, 2015-06-29 17:24:35,0, NULL, AUTO
26ce0b7d-b0a9-4349-afd6-7d83152674f8, AUTO_李建伟, 7e3d9395f78906b6a122de06af85b52c101894ecd387593450472e6b, NULL,lijianwei@ihydt.com,,, 13120000010,,,1,1,0,0,0,,1, 2015-06-29 16:33:28,1, 2015-06-29 17:24:35,0, NULL, AUTO
26ce0b7d-b0a9-4349-afd6-7d83152674f8, AUTO_陈津军, 7e3d9395f78906b6a122de06af85b52c101894ecd387593450472e6b, NULL,chenjinjun@ihydt.com,,, 13120000011,,,1,1,0,0,0,,1, 2015-06-29 16:33:28,1, 2015-06-29 17:24:35,0, NULL, AUTO